{
  "model_type": "ensemble_sklearn",
  "models": [
    "RandomForest",
    "XGBoost",
    "GradientBoosting",
    "SVM"
  ],
  "feature_count": 53,
  "training_samples": 608,
  "test_samples": 152,
  "class_distribution": {
    "normal": 560,
    "jaundice": 200
  },
  "metrics": {
    "accuracy": 0.8486842105263158,
    "auc": 0.8571428571428571,
    "classification_report": {
      "0": {
        "precision": 0.8503937007874016,
        "recall": 0.9642857142857143,
        "f1-score": 0.9037656903765691,
        "support": 112.0
      },
      "1": {
        "precision": 0.84,
        "recall": 0.525,
        "f1-score": 0.6461538461538462,
        "support": 40.0
      },
      "accuracy": 0.8486842105263158,
      "macro avg": {
        "precision": 0.8451968503937008,
        "recall": 0.7446428571428572,
        "f1-score": 0.7749597682652076,
        "support": 152.0
      },
      "weighted avg": {
        "precision": 0.8476585163696643,
        "recall": 0.8486842105263158,
        "f1-score": 0.8359730997916419,
        "support": 152.0
      }
    }
  },
  "cv_scores": {
    "mean_auc": 0.8523033707865169,
    "std_auc": 0.01698268975103358,
    "scores": [
      0.8434027777777777,
      0.8795138888888889,
      0.8458333333333333,
      0.8304073033707866,
      0.8623595505617978
    ]
  },
  "training_params": {
    "test_size": 0.2,
    "random_state": 42,
    "cv_folds": 5
  },
  "trained_at": "2026-02-26T13:54:47.797631Z"
}